file,file type
/files/pdf/2015/Summer/CNR_Brochure_singlepages.pdf,pdf
/files/pdf/2015/Summer/Unmet_Need1-15-15.pdf,pdf
/pdfs/2017_Summer_Texting_Overview.pdf,pdf
/pdfs/HIOS_2017.pdf,pdf
/sites/default/files/pdfs/families_on_the_brink_-_hunger_in_our_schools_micro_report.pdf,pdf
/sites/default/files/20140317-jeffbridges-1656.jpg,
/sites/default/files/anita_lo.jpg,
/sites/default/files/bruce_kalman_headshot.jpg,
/sites/default/files/celebration_image_1.jpg,
/sites/default/files/chef_lee_chizmar_-_photo_by_alison_conklin.jpg,
/sites/default/files/chef_trip_picture.jpg,
/sites/default/files/cityharvest_volunteering_2.jpg,
/sites/default/files/edin_blog_0.jpg,
/sites/default/files/gina.jpg,
/sites/default/files/grant_tipton_0.png,
/sites/default/files/grape_girl_rs_0.jpg,
/sites/default/files/habitburger_0.jpg,
/sites/default/files/jennifer_smith.jpg,
/sites/default/files/julie11.jpg,
/sites/default/files/loudermilk_sophie.jpg,
/sites/default/files/matt_louis.jpg,
/sites/default/files/mini_pumkin_cheesecakes.jpg,
/sites/default/files/molloy_recipe.jpg,
/sites/default/files/nkh_bipartisan.jpg,
/sites/default/files/nkh_confetti_generalmills_21.jpg,
/sites/default/files/prn_3273-2918670230-o_0.jpg,
/sites/default/files/rsz_20140514-new-york-0070.jpg,
/sites/default/files/rsz_img_6848.jpg,
/sites/default/files/salk_elementary.jpg,
/sites/default/files/sue.jpg,
/sites/default/files/summer.jpg,
/sites/default/files/ted_cizma_0.jpg,
/sites/default/files/us_and_kathy.jpg,
/files/pdf/2015/Summer/Unmet_Need1-15-15.pdf,pdf
/sites/default/files/billysif.jpg,
/sites/default/files/tim_lipman.jpeg,
/sites/default/files/chef_erick_harcey_0.png,
/sites/default/files/styles/large/public/Tip%20Sheet%20header.gif?itok=Ar0ElV9M,
/sites/default/files/img_5854.jpg,
/sites/default/files/hios_inforgraphic_full.jpg,
/sites/default/files/20140211-nkh-bcps-2076_blog_rsz.jpg,
/sites/default/files/summer_texting_v2_0.jpg,
/sites/default/files/mattmellor.jpg,
/sites/default/files/nice_picutre_of_mary_elise.jpg,
/sites/default/files/regena.jpg,
/sites/default/files/rodneytaylor.jpg,
/sites/default/files/large_headshot_7.jpg,
/sites/default/files/large_photo_1.jpg,
/sites/default/files/large_picture_0.jpg,
/sites/default/files/large_headshot_8.jpg,
/sites/default/files/large_0107_share_our_strength_mike_shauck.jpg,
/sites/default/files/large_nsalman1_0.jpg,
/sites/default/files/large_sarah_fatima_headshot_0.jpg,
/sitesdefault/files/medium_img_0138.jpg,
/sitesdefault/files/medium_jasmine_zandi_headshot.jpg,
/sitesdefault/files/medium_18471852_10158734377400381_1721434028_o.jpg,
/sitesdefault/files/medium_headshot.jpg,
/sitesdefault/files/medium_img_4924.jpg,
/sitesdefault/files/medium_img_2279.jpeg,
/sitesdefault/files/medium_jude_headshot.jpg,
/sitesdefault/files/medium_121416_fes_noble_chicago_il_cd_0097_1.jpg,
/sitesdefault/files/medium_picture.jpg,
/sitesdefault/files/medium_mwarlickpicture.jpg,
/sitesdefault/files/medium_photo.jpg,
/sitesdefault/files/medium_nsalman1.jpg,
/sitesdefault/files/medium_16681513_10154331390959646_8218777479721138995_n_1.jpg,
/sitesdefault/files/medium_headshot_0.jpgâ€ù,
/sitesdefault/files/medium_brook_demarque_headshot.jpg,
/sitesdefault/files/medium_head_shot.jpg,
/sitesdefault/files/medium_headshot_1.jpg,
/sitesdefault/files/medium_headshot_3.jpg,
/sitesdefault/files/medium_natasha_headshot.jpg,
/sitesdefault/files/medium_img_1498_2.01.03_pm.jpg,
/sitesdefault/files/medium_photo_0.jpg,
/sitesdefault/files/medium_sarah_fatima_headshot.jpg,
/sitesdefault/files/medium_headshot_4.jpg,
/sitesdefault/files/medium_img_1441.jpg,
/sitesdefault/files/medium_headshot_5.jpg,
/sitesdefault/files/medium_vanessa_kowalski_headshot_1.jpg,
/sitesdefault/files/medium_fordbethany.jpg,
/files/pdf/2015/Summer/CNR_Brochure_singlepages.pdf,pdf
/pdfs/HIOS_2017.pdf,pdf
/sites/default/files/20140317-jeffbridges-1642.jpg,
/sites/default/files/riverdale_elem-6-12-15_15_of_32.jpg,
/sites/default/files/prn_3200-2918663588-o.jpg,
/sites/default/files/20140317-jeffbridges-1655.jpg,
/sites/default/files/kathleen_burks_gi,
/sites/default/files/khadija_gif.gif,
/sites/default/files/mike_bennett_gif.gif,
/sites/default/files/melissa_bain_gif.gif,
/sites/default/files/mikayla_gif,
/sites/default/files/nadia_gif,
/sites/default/files/sarah_fatima_gif.gif,